detected,cx_px,cy_px,cx_norm,cy_norm,bbox_x1,bbox_y1,bbox_x2,bbox_y2,confidence,frame,timestamp
True,417.95,154.91,0.701263,0.461029,402.84,89.01,433.06,220.8,0.2947,0,0.0
True,417.95,154.87,0.701258,0.460935,402.84,88.84,433.06,220.91,0.2961,1,0.0334
True,417.95,154.86,0.701261,0.460878,402.84,88.79,433.06,220.92,0.2958,2,0.0667
True,417.95,154.86,0.70126,0.460882,402.84,88.79,433.06,220.92,0.2959,3,0.1001
True,418.01,154.79,0.701357,0.460682,403.05,88.73,432.97,220.85,0.2904,4,0.1335
True,417.49,116.83,0.70048,0.347717,404.31,66.48,430.67,167.19,0.2931,5,0.1668
True,417.59,117.42,0.70065,0.349457,405.94,69.62,429.23,165.22,0.2957,6,0.2002
True,418.05,151.57,0.701428,0.451111,404.33,81.86,431.77,221.28,0.2566,7,0.2336
True,416.54,171.12,0.69889,0.509296,402.92,124.7,430.16,217.55,0.3587,8,0.2669
True,415.55,206.45,0.697223,0.61442,400.46,164.72,430.63,248.17,0.2924,9,0.3003
True,438.06,136.87,0.734995,0.407341,397.16,52.06,478.96,221.67,0.4207,10,0.3337
True,437.16,172.52,0.733498,0.513445,398.94,96.62,475.39,248.42,0.617,11,0.367
True,437.31,206.84,0.733738,0.61559,403.82,137.46,470.8,276.22,0.6624,12,0.4004
True,439.09,237.26,0.736724,0.706142,409.98,174.95,468.2,299.58,0.4086,13,0.4338
True,436.05,260.18,0.731628,0.774353,408.22,196.43,463.88,323.93,0.2842,14,0.4671
True,442.1,244.8,0.741776,0.728581,421.46,217.5,462.73,272.1,0.2827,15,0.5005
True,442.6,283.5,0.742615,0.843744,413.51,235.52,471.69,331.48,0.3793,16,0.5339
True,443.72,289.37,0.7445,0.861228,413.35,244.57,474.1,334.18,0.438,17,0.5672
True,418.44,154.79,0.702081,0.460692,403.22,88.4,433.66,221.18,0.2733,18,0.6006
True,418.77,153.7,0.702627,0.457438,403.98,88.73,433.55,218.66,0.2697,19,0.634
True,454.59,245.07,0.762743,0.729377,429.66,192.37,479.53,297.77,0.4349,20,0.6673
True,449.67,200.09,0.754486,0.595512,422.46,142.33,476.89,257.85,0.4701,21,0.7007
True,452.24,159.35,0.758793,0.474269,424.28,104.13,480.2,214.58,0.6042,22,0.7341
True,451.45,118.07,0.757472,0.3514,425.25,63.62,477.66,172.52,0.5648,23,0.7674
True,452.57,79.3,0.75935,0.236024,423.47,28.95,481.68,129.66,0.2758,24,0.8008
True,457.75,65.27,0.768032,0.194263,436.23,29.13,479.27,101.41,0.2923,25,0.8342
False,,,,,,,,,0.0,26,0.8675
False,,,,,,,,,0.0,27,0.9009
False,,,,,,,,,0.0,28,0.9343
False,,,,,,,,,0.0,29,0.9676
True,410.2,107.81,0.688251,0.320872,378.13,48.11,442.27,167.52,0.4193,30,1.001
True,411.19,167.97,0.689922,0.499922,377.61,80.78,444.78,255.16,0.3864,31,1.0344
False,,,,,,,,,0.0,32,1.0677
False,,,,,,,,,0.0,33,1.1011
True,445.66,180.89,0.747754,0.538377,415.5,122.07,475.82,239.72,0.5968,34,1.1345
True,446.38,222.68,0.748967,0.662737,416.87,163.17,475.89,282.19,0.5302,35,1.1678
False,,,,,,,,,0.0,36,1.2012
True,450.1,283.02,0.755203,0.842315,428.54,253.49,471.67,312.55,0.3538,37,1.2346
True,449.15,290.23,0.753616,0.863781,426.66,259.71,471.65,320.75,0.501,38,1.2679
True,449.66,283.41,0.75447,0.843486,419.1,242.03,480.23,324.79,0.4493,39,1.3013
True,455.76,275.51,0.764692,0.819983,423.25,231.11,488.27,319.92,0.4201,40,1.3347
True,455.9,254.18,0.764934,0.756491,422.02,210.36,489.78,298.01,0.3873,41,1.368
True,480.45,260.54,0.806122,0.77542,460.6,232.85,500.3,288.23,0.2962,42,1.4014
True,465.19,213.0,0.780521,0.633927,428.01,160.16,502.37,265.84,0.3654,43,1.4348
True,473.9,188.56,0.79514,0.561197,441.65,134.33,506.16,242.79,0.5319,44,1.4681
True,478.05,136.81,0.802093,0.407187,445.06,73.84,511.04,199.79,0.4959,45,1.5015
True,483.1,96.87,0.81057,0.288294,448.31,43.22,517.89,150.51,0.55,46,1.5349
False,,,,,,,,,0.0,47,1.5682
True,491.37,64.66,0.824443,0.192433,469.94,29.52,512.8,99.79,0.3714,48,1.6016
False,,,,,,,,,0.0,49,1.635
False,,,,,,,,,0.0,50,1.6683
False,,,,,,,,,0.0,51,1.7017
False,,,,,,,,,0.0,52,1.7351
True,487.21,60.35,0.817472,0.179613,461.94,22.02,512.48,98.68,0.3872,53,1.7684
False,,,,,,,,,0.0,54,1.8018
True,461.74,121.87,0.774732,0.362712,428.11,70.27,495.37,173.47,0.5041,55,1.8352
True,454.24,184.56,0.762141,0.549279,416.69,129.62,491.78,239.5,0.5961,56,1.8685
False,,,,,,,,,0.0,57,1.9019
True,450.49,292.68,0.755852,0.871074,423.86,256.53,477.12,328.83,0.4273,58,1.9353
True,449.85,294.35,0.754777,0.876051,420.67,259.05,479.02,329.66,0.4114,59,1.9686
False,,,,,,,,,0.0,60,2.002
True,452.36,215.95,0.758989,0.642719,421.59,167.58,483.13,264.33,0.2712,61,2.0354
True,463.15,171.68,0.777098,0.510965,433.38,120.77,492.92,222.6,0.3171,62,2.0687
False,,,,,,,,,0.0,63,2.1021
True,424.45,156.04,0.712157,0.464394,410.07,92.55,438.82,219.52,0.2751,64,2.1355
False,,,,,,,,,0.0,65,2.1688
False,,,,,,,,,0.0,66,2.2022
False,,,,,,,,,0.0,67,2.2356
False,,,,,,,,,0.0,68,2.2689
False,,,,,,,,,0.0,69,2.3023
False,,,,,,,,,0.0,70,2.3357
False,,,,,,,,,0.0,71,2.369
False,,,,,,,,,0.0,72,2.4024
False,,,,,,,,,0.0,73,2.4358
False,,,,,,,,,0.0,74,2.4691
False,,,,,,,,,0.0,75,2.5025
True,475.35,115.93,0.79757,0.345023,444.2,68.54,506.51,163.32,0.5807,76,2.5359
True,469.86,186.4,0.788355,0.55477,437.82,141.09,501.9,231.72,0.6252,77,2.5692
True,465.54,230.45,0.781111,0.685868,429.09,186.6,501.99,274.31,0.3161,78,2.6026
True,470.77,258.6,0.789887,0.769645,437.85,206.39,503.7,310.81,0.4866,79,2.636
False,,,,,,,,,0.0,80,2.6693
False,,,,,,,,,0.0,81,2.7027
True,464.56,187.37,0.779464,0.557654,426.76,128.56,502.36,246.18,0.6813,82,2.7361
True,463.22,139.61,0.77722,0.415498,430.79,90.37,495.66,188.85,0.5886,83,2.7694
True,467.72,109.65,0.784769,0.326349,431.43,50.22,504.01,169.08,0.4895,84,2.8028
True,453.04,52.75,0.76014,0.156992,399.14,11.8,506.95,93.69,0.3659,85,2.8362
False,,,,,,,,,0.0,86,2.8695
False,,,,,,,,,0.0,87,2.9029
False,,,,,,,,,0.0,88,2.9363
True,506.78,54.97,0.850299,0.163609,454.48,9.56,559.08,100.38,0.6478,89,2.9696
True,461.87,88.3,0.774954,0.262807,417.9,39.19,505.84,137.42,0.4855,90,3.003
True,485.56,130.51,0.814702,0.388416,438.66,73.08,532.47,187.93,0.7473,91,3.0364
True,501.79,164.41,0.841926,0.489306,471.89,130.41,531.69,198.4,0.5975,92,3.0697
True,386.69,224.5,0.648806,0.668157,346.76,181.95,426.62,267.05,0.656,93,3.1031
True,518.42,155.51,0.869827,0.462842,460.32,102.73,576.52,208.3,0.6462,94,3.1365
True,508.1,147.77,0.852509,0.439798,451.27,97.37,564.92,198.17,0.7099,95,3.1698
True,483.65,159.94,0.811499,0.476019,437.22,111.38,530.08,208.5,0.7648,96,3.2032
True,494.44,179.65,0.829606,0.53468,462.14,145.41,526.75,213.89,0.4101,97,3.2366
True,507.29,167.99,0.851157,0.499957,466.44,122.55,548.14,213.42,0.5462,98,3.2699
True,515.53,150.15,0.864987,0.446875,458.1,99.02,572.96,201.28,0.6627,99,3.3033
True,518.14,152.54,0.869362,0.453983,462.48,101.13,573.8,203.94,0.7913,100,3.3367
True,494.22,160.2,0.829229,0.476797,445.5,112.44,542.94,207.97,0.6415,101,3.37
True,491.3,160.95,0.824329,0.479008,455.8,121.45,526.8,200.44,0.6266,102,3.4034
False,,,,,,,,,0.0,103,3.4368
True,539.64,155.6,0.905431,0.46311,505.78,115.02,573.49,196.19,0.6005,104,3.4701
True,523.88,147.82,0.878997,0.439949,470.59,95.98,577.18,199.66,0.464,105,3.5035
True,507.02,147.59,0.850703,0.43927,467.96,105.8,546.08,189.39,0.3855,106,3.5369
True,494.63,153.77,0.829918,0.457638,462.97,112.45,526.29,195.08,0.6618,107,3.5702
True,498.3,123.01,0.836072,0.366097,463.22,69.87,533.38,176.15,0.2986,108,3.6036
True,518.93,112.55,0.870692,0.334956,483.91,71.02,553.96,154.07,0.6292,109,3.637
True,532.98,105.95,0.894262,0.315333,506.0,73.01,559.96,138.89,0.3823,110,3.6703
True,505.98,103.64,0.848965,0.308467,470.72,63.87,541.25,143.42,0.728,111,3.7037
True,482.02,131.55,0.808756,0.391512,452.42,68.6,511.61,194.49,0.5303,112,3.7371
True,379.74,192.65,0.637144,0.573365,336.71,140.57,422.76,244.73,0.693,113,3.7704
True,381.5,193.79,0.640093,0.576748,331.79,142.04,431.2,245.53,0.6857,114,3.8038
True,380.64,194.88,0.638651,0.579993,334.9,144.19,426.37,245.56,0.7722,115,3.8372
True,381.09,194.27,0.639409,0.578195,338.18,146.93,423.99,241.62,0.7339,116,3.8705
True,380.62,206.44,0.638621,0.614411,333.39,145.52,427.84,267.37,0.6979,117,3.9039
True,379.87,195.64,0.637372,0.582274,335.84,139.09,423.9,252.2,0.5877,118,3.9373
False,,,,,,,,,0.0,119,3.9706
False,,,,,,,,,0.0,120,4.004
False,,,,,,,,,0.0,121,4.0374
False,,,,,,,,,0.0,122,4.0707
False,,,,,,,,,0.0,123,4.1041
False,,,,,,,,,0.0,124,4.1375
False,,,,,,,,,0.0,125,4.1708
False,,,,,,,,,0.0,126,4.2042
False,,,,,,,,,0.0,127,4.2376
True,500.19,113.05,0.839253,0.336445,472.78,66.33,527.61,159.77,0.389,128,4.2709
True,474.11,163.6,0.79549,0.486898,428.1,111.06,520.13,216.13,0.3472,129,4.3043
True,458.61,204.45,0.769474,0.608492,414.66,147.65,502.55,261.25,0.3062,130,4.3377
False,,,,,,,,,0.0,131,4.371
True,465.47,311.87,0.780993,0.928182,440.95,292.39,489.99,331.35,0.3464,132,4.4044
True,426.15,281.26,0.715024,0.837082,412.77,261.22,439.54,301.3,0.2688,133,4.4378
False,,,,,,,,,0.0,134,4.4711
False,,,,,,,,,0.0,135,4.5045
True,434.9,290.16,0.729703,0.863558,415.3,265.13,454.51,315.18,0.336,136,4.5379
False,,,,,,,,,0.0,137,4.5712
True,439.46,249.47,0.737344,0.742468,415.28,215.32,463.63,283.62,0.3323,138,4.6046
False,,,,,,,,,0.0,139,4.638
True,445.52,220.02,0.747521,0.654825,418.08,160.56,472.97,279.48,0.3752,140,4.6713
True,447.27,184.39,0.750458,0.548769,420.35,128.06,474.2,240.71,0.5956,141,4.7047
True,406.29,126.09,0.681701,0.375281,348.61,83.14,463.97,169.05,0.6318,142,4.7381
True,398.81,96.13,0.669145,0.286104,340.0,49.35,457.63,142.91,0.7964,143,4.7714
True,345.06,74.0,0.578961,0.22023,312.92,35.2,377.2,112.8,0.4314,144,4.8048
False,,,,,,,,,0.0,145,4.8382
False,,,,,,,,,0.0,146,4.8715
True,299.63,144.5,0.502742,0.430069,242.81,69.62,356.46,219.39,0.5199,147,4.9049
False,,,,,,,,,0.0,148,4.9383
False,,,,,,,,,0.0,149,4.9716
False,,,,,,,,,0.0,150,5.005
False,,,,,,,,,0.0,151,5.0384
False,,,,,,,,,0.0,152,5.0717
False,,,,,,,,,0.0,153,5.1051
False,,,,,,,,,0.0,154,5.1385
False,,,,,,,,,0.0,155,5.1718
False,,,,,,,,,0.0,156,5.2052
False,,,,,,,,,0.0,157,5.2386
False,,,,,,,,,0.0,158,5.2719
False,,,,,,,,,0.0,159,5.3053
False,,,,,,,,,0.0,160,5.3387
False,,,,,,,,,0.0,161,5.372
False,,,,,,,,,0.0,162,5.4054
False,,,,,,,,,0.0,163,5.4388
False,,,,,,,,,0.0,164,5.4721
False,,,,,,,,,0.0,165,5.5055
False,,,,,,,,,0.0,166,5.5389
False,,,,,,,,,0.0,167,5.5722
False,,,,,,,,,0.0,168,5.6056
False,,,,,,,,,0.0,169,5.639
False,,,,,,,,,0.0,170,5.6723
False,,,,,,,,,0.0,171,5.7057
False,,,,,,,,,0.0,172,5.7391
False,,,,,,,,,0.0,173,5.7724
False,,,,,,,,,0.0,174,5.8058
False,,,,,,,,,0.0,175,5.8392
False,,,,,,,,,0.0,176,5.8725
False,,,,,,,,,0.0,177,5.9059
False,,,,,,,,,0.0,178,5.9393
False,,,,,,,,,0.0,179,5.9726
False,,,,,,,,,0.0,180,6.006
False,,,,,,,,,0.0,181,6.0394
False,,,,,,,,,0.0,182,6.0727
False,,,,,,,,,0.0,183,6.1061
False,,,,,,,,,0.0,184,6.1395
False,,,,,,,,,0.0,185,6.1728
False,,,,,,,,,0.0,186,6.2062
False,,,,,,,,,0.0,187,6.2396
False,,,,,,,,,0.0,188,6.2729
False,,,,,,,,,0.0,189,6.3063
False,,,,,,,,,0.0,190,6.3397
False,,,,,,,,,0.0,191,6.373
False,,,,,,,,,0.0,192,6.4064
False,,,,,,,,,0.0,193,6.4398
False,,,,,,,,,0.0,194,6.4731
False,,,,,,,,,0.0,195,6.5065
False,,,,,,,,,0.0,196,6.5399
False,,,,,,,,,0.0,197,6.5732
False,,,,,,,,,0.0,198,6.6066
False,,,,,,,,,0.0,199,6.64
False,,,,,,,,,0.0,200,6.6733
False,,,,,,,,,0.0,201,6.7067
False,,,,,,,,,0.0,202,6.7401
False,,,,,,,,,0.0,203,6.7734
False,,,,,,,,,0.0,204,6.8068
False,,,,,,,,,0.0,205,6.8402
True,432.27,271.16,0.725287,0.807017,398.42,224.08,466.12,318.23,0.4335,206,6.8735
True,441.55,280.88,0.740853,0.835951,410.3,230.45,472.8,331.31,0.5774,207,6.9069
True,446.06,276.0,0.748415,0.821428,417.66,223.03,474.45,328.97,0.3921,208,6.9403
False,,,,,,,,,0.0,209,6.9736
True,460.31,222.5,0.772334,0.662199,433.11,161.9,487.51,283.1,0.4018,210,7.007
True,458.34,177.79,0.76902,0.529144,430.33,121.41,486.34,234.18,0.3152,211,7.0404
True,449.85,119.88,0.754774,0.356787,416.8,61.97,482.89,177.79,0.2651,212,7.0737
True,450.17,106.09,0.755314,0.315753,422.5,79.38,477.83,132.81,0.3425,213,7.1071
True,447.46,57.85,0.750779,0.172183,424.79,30.41,470.14,85.3,0.2835,214,7.1405
False,,,,,,,,,0.0,215,7.1738
False,,,,,,,,,0.0,216,7.2072
False,,,,,,,,,0.0,217,7.2406
False,,,,,,,,,0.0,218,7.2739
False,,,,,,,,,0.0,219,7.3073
False,,,,,,,,,0.0,220,7.3407
False,,,,,,,,,0.0,221,7.374
False,,,,,,,,,0.0,222,7.4074
True,464.54,141.9,0.779437,0.422324,428.47,77.08,500.62,206.73,0.3377,223,7.4408
True,454.43,194.45,0.762464,0.578728,416.23,139.59,492.63,249.31,0.4307,224,7.4741
True,446.87,251.66,0.749779,0.748997,401.97,202.25,491.77,301.08,0.2886,225,7.5075
True,462.53,281.81,0.776065,0.838723,430.35,239.86,494.72,323.76,0.4491,226,7.5409
True,475.43,283.85,0.797697,0.844795,449.74,242.51,501.12,325.19,0.3074,227,7.5742
True,470.37,239.35,0.789208,0.71235,433.98,189.38,506.75,289.31,0.5102,228,7.6076
True,474.05,195.23,0.795385,0.581043,430.18,133.28,517.91,257.18,0.66,229,7.641
True,485.01,121.49,0.813781,0.361572,454.27,70.95,515.76,172.02,0.3327,230,7.6743
False,,,,,,,,,0.0,231,7.7077
False,,,,,,,,,0.0,232,7.7411
False,,,,,,,,,0.0,233,7.7744
False,,,,,,,,,0.0,234,7.8078
False,,,,,,,,,0.0,235,7.8412
False,,,,,,,,,0.0,236,7.8745
False,,,,,,,,,0.0,237,7.9079
False,,,,,,,,,0.0,238,7.9413
False,,,,,,,,,0.0,239,7.9746
False,,,,,,,,,0.0,240,8.008
False,,,,,,,,,0.0,241,8.0414
False,,,,,,,,,0.0,242,8.0747
False,,,,,,,,,0.0,243,8.1081
False,,,,,,,,,0.0,244,8.1415
False,,,,,,,,,0.0,245,8.1748
True,487.51,69.29,0.817976,0.20622,464.66,36.23,510.37,102.35,0.3356,246,8.2082
True,381.16,186.77,0.639523,0.555865,317.9,121.39,444.42,252.15,0.3426,247,8.2416
False,,,,,,,,,0.0,248,8.2749
False,,,,,,,,,0.0,249,8.3083
True,392.2,204.47,0.658054,0.60854,341.13,148.65,443.27,260.29,0.2504,250,8.3417
False,,,,,,,,,0.0,251,8.375
True,388.89,229.9,0.652503,0.684214,347.56,183.59,430.22,276.2,0.3843,252,8.4084
False,,,,,,,,,0.0,253,8.4418
False,,,,,,,,,0.0,254,8.4751
False,,,,,,,,,0.0,255,8.5085
False,,,,,,,,,0.0,256,8.5419
False,,,,,,,,,0.0,257,8.5752
False,,,,,,,,,0.0,258,8.6086
False,,,,,,,,,0.0,259,8.642
False,,,,,,,,,0.0,260,8.6753
False,,,,,,,,,0.0,261,8.7087
False,,,,,,,,,0.0,262,8.7421
False,,,,,,,,,0.0,263,8.7754
True,471.93,189.25,0.79183,0.563239,443.15,147.26,500.72,231.24,0.5121,264,8.8088
True,466.69,240.6,0.783032,0.716066,449.88,208.83,483.49,272.36,0.4259,265,8.8422
True,451.11,282.12,0.756904,0.839633,422.64,239.67,479.59,324.56,0.462,266,8.8755
True,451.21,285.22,0.75707,0.848867,420.52,248.81,481.9,321.63,0.6421,267,8.9089
False,,,,,,,,,0.0,268,8.9423
False,,,,,,,,,0.0,269,8.9756
False,,,,,,,,,0.0,270,9.009
True,484.22,160.43,0.812455,0.477477,451.84,114.74,516.61,206.12,0.3974,271,9.0424
True,371.7,185.61,0.623666,0.55241,316.95,133.2,426.46,238.02,0.4618,272,9.0757
False,,,,,,,,,0.0,273,9.1091
False,,,,,,,,,0.0,274,9.1425
False,,,,,,,,,0.0,275,9.1758
False,,,,,,,,,0.0,276,9.2092
False,,,,,,,,,0.0,277,9.2426
False,,,,,,,,,0.0,278,9.2759
True,514.69,106.59,0.863582,0.317219,497.68,72.1,531.71,141.07,0.2769,279,9.3093
True,485.51,166.79,0.814617,0.496385,438.15,112.45,532.87,221.12,0.5956,280,9.3427
False,,,,,,,,,0.0,281,9.376
False,,,,,,,,,0.0,282,9.4094
False,,,,,,,,,0.0,283,9.4428
False,,,,,,,,,0.0,284,9.4761
False,,,,,,,,,0.0,285,9.5095
False,,,,,,,,,0.0,286,9.5429
False,,,,,,,,,0.0,287,9.5762
False,,,,,,,,,0.0,288,9.6096
False,,,,,,,,,0.0,289,9.643
False,,,,,,,,,0.0,290,9.6763
False,,,,,,,,,0.0,291,9.7097
True,454.78,274.41,0.76306,0.816706,426.79,222.11,482.78,326.72,0.3698,292,9.7431
True,453.85,233.73,0.761497,0.695635,427.94,184.93,479.77,282.53,0.3697,293,9.7764
True,425.69,190.6,0.714243,0.567254,374.14,130.33,477.24,250.86,0.5794,294,9.8098
True,416.65,155.79,0.699072,0.463675,362.68,98.94,470.61,212.65,0.791,295,9.8432
True,400.92,139.4,0.67268,0.414879,344.02,82.01,457.81,196.78,0.8289,296,9.8765
True,391.71,142.59,0.657236,0.424368,336.0,84.84,447.42,200.33,0.6519,297,9.9099
True,386.2,159.53,0.647988,0.474778,326.52,88.74,445.88,230.31,0.3306,298,9.9433
True,388.05,214.19,0.651089,0.637459,332.99,156.14,443.11,272.23,0.3072,299,9.9766
False,,,,,,,,,0.0,300,10.01
False,,,,,,,,,0.0,301,10.0434
False,,,,,,,,,0.0,302,10.0767
False,,,,,,,,,0.0,303,10.1101
False,,,,,,,,,0.0,304,10.1435
False,,,,,,,,,0.0,305,10.1768
False,,,,,,,,,0.0,306,10.2102
False,,,,,,,,,0.0,307,10.2436
False,,,,,,,,,0.0,308,10.2769
False,,,,,,,,,0.0,309,10.3103
False,,,,,,,,,0.0,310,10.3437
False,,,,,,,,,0.0,311,10.377
False,,,,,,,,,0.0,312,10.4104
True,428.01,207.01,0.718137,0.616089,400.56,148.47,455.46,265.54,0.4922,313,10.4438
True,421.8,153.37,0.707719,0.456453,390.52,93.28,453.08,213.46,0.3107,314,10.4771
True,418.79,117.45,0.702675,0.349544,389.66,60.82,447.93,174.07,0.3178,315,10.5105
True,417.79,80.91,0.700987,0.240813,388.56,42.46,447.01,119.36,0.2894,316,10.5439
False,,,,,,,,,0.0,317,10.5772
False,,,,,,,,,0.0,318,10.6106
False,,,,,,,,,0.0,319,10.644
True,435.19,80.76,0.730185,0.240364,404.99,29.04,465.39,132.49,0.2759,320,10.6773
True,438.73,142.24,0.736127,0.423341,408.59,99.81,468.88,184.68,0.4621,321,10.7107
True,442.14,210.66,0.741851,0.626967,414.65,167.42,469.64,253.9,0.4499,322,10.7441
True,429.54,229.34,0.720707,0.682552,403.92,186.71,455.17,271.97,0.3009,323,10.7774
False,,,,,,,,,0.0,324,10.8108
True,9.64,243.58,0.016179,0.724931,0.0,217.61,19.29,269.55,0.3247,325,10.8442
False,,,,,,,,,0.0,326,10.8775
True,15.06,211.92,0.025276,0.630717,0.0,155.83,30.13,268.01,0.3012,327,10.9109
False,,,,,,,,,0.0,328,10.9443
False,,,,,,,,,0.0,329,10.9776
False,,,,,,,,,0.0,330,11.011
True,417.71,184.19,0.700851,0.548177,377.01,131.0,458.41,237.37,0.3047,331,11.0444
False,,,,,,,,,0.0,332,11.0777
True,378.27,169.78,0.634679,0.505294,319.95,85.27,436.59,254.29,0.3244,333,11.1111
False,,,,,,,,,0.0,334,11.1445
False,,,,,,,,,0.0,335,11.1778
False,,,,,,,,,0.0,336,11.2112
False,,,,,,,,,0.0,337,11.2446
False,,,,,,,,,0.0,338,11.2779
False,,,,,,,,,0.0,339,11.3113
False,,,,,,,,,0.0,340,11.3447
False,,,,,,,,,0.0,341,11.378
False,,,,,,,,,0.0,342,11.4114
False,,,,,,,,,0.0,343,11.4448
False,,,,,,,,,0.0,344,11.4781
False,,,,,,,,,0.0,345,11.5115
False,,,,,,,,,0.0,346,11.5449
False,,,,,,,,,0.0,347,11.5782
False,,,,,,,,,0.0,348,11.6116
False,,,,,,,,,0.0,349,11.645
False,,,,,,,,,0.0,350,11.6783
False,,,,,,,,,0.0,351,11.7117
False,,,,,,,,,0.0,352,11.7451
False,,,,,,,,,0.0,353,11.7784
False,,,,,,,,,0.0,354,11.8118
False,,,,,,,,,0.0,355,11.8452
False,,,,,,,,,0.0,356,11.8785
False,,,,,,,,,0.0,357,11.9119
False,,,,,,,,,0.0,358,11.9453
False,,,,,,,,,0.0,359,11.9786
False,,,,,,,,,0.0,360,12.012
False,,,,,,,,,0.0,361,12.0454
False,,,,,,,,,0.0,362,12.0787
False,,,,,,,,,0.0,363,12.1121
False,,,,,,,,,0.0,364,12.1455
False,,,,,,,,,0.0,365,12.1788
False,,,,,,,,,0.0,366,12.2122
False,,,,,,,,,0.0,367,12.2456
False,,,,,,,,,0.0,368,12.2789
False,,,,,,,,,0.0,369,12.3123
False,,,,,,,,,0.0,370,12.3457
False,,,,,,,,,0.0,371,12.379
False,,,,,,,,,0.0,372,12.4124
False,,,,,,,,,0.0,373,12.4458
False,,,,,,,,,0.0,374,12.4791
False,,,,,,,,,0.0,375,12.5125
False,,,,,,,,,0.0,376,12.5459
False,,,,,,,,,0.0,377,12.5792
False,,,,,,,,,0.0,378,12.6126
False,,,,,,,,,0.0,379,12.646
False,,,,,,,,,0.0,380,12.6793
False,,,,,,,,,0.0,381,12.7127
False,,,,,,,,,0.0,382,12.7461
False,,,,,,,,,0.0,383,12.7794
False,,,,,,,,,0.0,384,12.8128
False,,,,,,,,,0.0,385,12.8462
False,,,,,,,,,0.0,386,12.8795
False,,,,,,,,,0.0,387,12.9129
False,,,,,,,,,0.0,388,12.9463
False,,,,,,,,,0.0,389,12.9796
False,,,,,,,,,0.0,390,13.013
False,,,,,,,,,0.0,391,13.0464
False,,,,,,,,,0.0,392,13.0797
False,,,,,,,,,0.0,393,13.1131
False,,,,,,,,,0.0,394,13.1465
False,,,,,,,,,0.0,395,13.1798
False,,,,,,,,,0.0,396,13.2132
False,,,,,,,,,0.0,397,13.2466
False,,,,,,,,,0.0,398,13.2799
False,,,,,,,,,0.0,399,13.3133
False,,,,,,,,,0.0,400,13.3467
False,,,,,,,,,0.0,401,13.38
False,,,,,,,,,0.0,402,13.4134
False,,,,,,,,,0.0,403,13.4468
False,,,,,,,,,0.0,404,13.4801
False,,,,,,,,,0.0,405,13.5135
False,,,,,,,,,0.0,406,13.5469
False,,,,,,,,,0.0,407,13.5802
False,,,,,,,,,0.0,408,13.6136
False,,,,,,,,,0.0,409,13.647
False,,,,,,,,,0.0,410,13.6803
False,,,,,,,,,0.0,411,13.7137
True,422.13,207.36,0.70827,0.617143,392.95,153.85,451.3,260.87,0.5953,412,13.7471
True,411.94,202.65,0.691175,0.603136,357.93,119.83,465.95,285.48,0.54,413,13.7804
True,436.02,136.25,0.73157,0.405501,398.23,73.29,473.8,199.2,0.5931,414,13.8138
False,,,,,,,,,0.0,415,13.8472
False,,,,,,,,,0.0,416,13.8805
False,,,,,,,,,0.0,417,13.9139
False,,,,,,,,,0.0,418,13.9473
False,,,,,,,,,0.0,419,13.9806
False,,,,,,,,,0.0,420,14.014
False,,,,,,,,,0.0,421,14.0474
False,,,,,,,,,0.0,422,14.0807
False,,,,,,,,,0.0,423,14.1141
False,,,,,,,,,0.0,424,14.1475
True,473.11,125.79,0.793812,0.374367,429.6,68.78,516.62,182.79,0.6119,425,14.1808
True,466.41,209.04,0.782566,0.622129,433.48,154.52,499.34,263.55,0.5245,426,14.2142
False,,,,,,,,,0.0,427,14.2476
False,,,,,,,,,0.0,428,14.2809
False,,,,,,,,,0.0,429,14.3143
False,,,,,,,,,0.0,430,14.3477
True,447.26,204.85,0.75043,0.609676,405.16,152.56,489.35,257.14,0.4888,431,14.381
True,451.42,144.9,0.75741,0.431263,410.87,91.95,491.96,197.86,0.4399,432,14.4144
False,,,,,,,,,0.0,433,14.4478
False,,,,,,,,,0.0,434,14.4811
False,,,,,,,,,0.0,435,14.5145
False,,,,,,,,,0.0,436,14.5479
False,,,,,,,,,0.0,437,14.5812
False,,,,,,,,,0.0,438,14.6146
False,,,,,,,,,0.0,439,14.648
False,,,,,,,,,0.0,440,14.6813
False,,,,,,,,,0.0,441,14.7147
True,457.22,145.58,0.767142,0.433282,418.23,89.5,496.2,201.67,0.3534,442,14.7481
True,453.4,215.54,0.760739,0.641486,414.4,152.71,492.4,278.37,0.5311,443,14.7814
False,,,,,,,,,0.0,444,14.8148
True,459.95,307.07,0.771737,0.913907,427.77,282.17,492.14,331.97,0.5356,445,14.8482
False,,,,,,,,,0.0,446,14.8815
False,,,,,,,,,0.0,447,14.9149
False,,,,,,,,,0.0,448,14.9483
False,,,,,,,,,0.0,449,14.9816
False,,,,,,,,,0.0,450,15.015
False,,,,,,,,,0.0,451,15.0484
False,,,,,,,,,0.0,452,15.0817
False,,,,,,,,,0.0,453,15.1151
False,,,,,,,,,0.0,454,15.1485
False,,,,,,,,,0.0,455,15.1818
False,,,,,,,,,0.0,456,15.2152
False,,,,,,,,,0.0,457,15.2486
False,,,,,,,,,0.0,458,15.2819
False,,,,,,,,,0.0,459,15.3153
False,,,,,,,,,0.0,460,15.3487
False,,,,,,,,,0.0,461,15.382
False,,,,,,,,,0.0,462,15.4154
False,,,,,,,,,0.0,463,15.4488
False,,,,,,,,,0.0,464,15.4821
False,,,,,,,,,0.0,465,15.5155
False,,,,,,,,,0.0,466,15.5489
False,,,,,,,,,0.0,467,15.5822
False,,,,,,,,,0.0,468,15.6156
False,,,,,,,,,0.0,469,15.649
